field,newcount,oldcount,percentage_change
boro,38120,38120,0.000000000000000000000000
borocode,37078,37078,0.000000000000000000000000
geom,38120,38120,0.000000000000000000000000
latitude,38120,38120,0.000000000000000000000000
longitude,38120,38120,0.000000000000000000000000
nta,37831,37831,0.000000000000000000000000
xcoord,38120,38120,0.000000000000000000000000
ycoord,38120,38120,0.000000000000000000000000
zipcode,37910,37910,0.000000000000000000000000
