field,newcount,oldcount,percentage_change
boro,38216,38120,0.25120368432070337032
borocode,37273,37078,0.52316690365680251120
geom,38216,38120,0.25120368432070337032
latitude,38216,38120,0.25120368432070337032
longitude,38216,38120,0.25120368432070337032
nta,37921,37831,0.23733551330397405132
xcoord,38216,38120,0.25120368432070337032
ycoord,38216,38120,0.25120368432070337032
zipcode,37988,37910,0.20532799831525744972
